Code,Quantity,Variant
PR-11,1000,
PR-12,1000,Red
PR-13,1000,
PR-14,1000,
PR-15,1000,
PR-16,1000,
PR-17,1000,
PR-18,1000,
PR-19,1000,
PR-20,1000,
PR-21,1000,
PR-22,1000,
PR-23,1000,
PR-24,1000,
PR-25,1000,
PR-26,1000,
PR-27,1000,
PR-28,1000,
PR-29,1000,
PR-30,1000,
PR-31,1000,
PR-32,1000,
PR-33,1000,
PR-34,1000,
PR-35,1000,
PR-36,1000,
PR-37,1000,
PR-38,1000,
PR-39,1000,
PR-40,1000,
PR-41,1000,
PR-42,1000,
PR-43,1000,
PR-44,1000,
PR-45,1000,
PR-46,1000,
PR-47,1000,
PR-48,1000,
PR-49,1000,
PR-50,1000,
PR-51,1000,
PR-52,1000,
PR-53,1000,
PR-54,1000,
PR-55,1000,
PR-56,1000,
PR-57,1000,
PR-58,1000,
PR-59,1000,
